[
    {
        "name": "a",
        "email": "a@a",
        "phone": "111",
        "location": "tirumala",
        "address": "a",
        "registered_at": "2025-04-10 18:32:32",
        "user_id": 1
    },
    {
        "name": "a",
        "email": "a@a",
        "phone": "a",
        "location": "tirumala",
        "address": "a",
        "registered_at": "2025-04-10 18:34:48",
        "user_id": 2
    },
    {
        "name": "a",
        "email": "a@a",
        "phone": "a",
        "location": "tirumala",
        "address": "a",
        "registered_at": "2025-04-10 18:42:52",
        "user_id": 3
    },
    {
        "name": "Bhargavteja",
        "email": "b@b",
        "phone": "07981222409",
        "location": "tirumala",
        "address": "20-180/2b Rangareddy street mittoor",
        "registered_at": "2025-04-10 18:45:29",
        "user_id": 4
    },
    {
        "name": "B",
        "email": "bhargavteja5098171@gmail.com",
        "phone": "07981222409",
        "location": "tirumala",
        "address": "Latitude: 12.974376732647567, Longitude: 79.16568966491565",
        "registered_at": "2025-04-10 19:07:55",
        "user_id": 5
    },
    {
        "name": "Bhargavteja",
        "email": "BhargavTeja5098171@gmail.com",
        "phone": "07981222409",
        "location": "tirumala",
        "address": "20-180/2b Rangareddy street mittoor",
        "registered_at": "2025-04-10 19:26:59",
        "user_id": 6
    }
]